title,authors,venue,year,link,snippet,cited_paper
A developmentally-informative genome-wide association study of alcohol use frequency,"NS Thomas,NA Gillespie, G Chan,HJ Edenberg… - Behavior Genetics, 2024",Springer,2024,https://link.springer.com/article/10.1007/s10519-023-10170-x,Contemporary genome-wide association study (GWAS) methods typically do not account forvariability in genetic effects throughout development. We applied genomic structural …,Item-level genome-wide association study of the alcohol use disorders identification test in three population-based cohorts
A high-resolution PheWAS approach to alcohol-related polygenic risk scores reveals mechanistic influences of alcohol reinforcing value and drinking motives,"WQ Deng,K Belisario,JC Gray, EE Levitt… - Alcohol and …, 2024",academic.oup.com,2024,https://academic.oup.com/alcalc/article-abstract/59/2/agad093/7585168,Aims This study uses a high-resolution phenome-wide approach to evaluate themotivational mechanisms of polygenic risk scores (PRSs) that have been robustly …,Item-level genome-wide association study of the alcohol use disorders identification test in three population-based cohorts
A high-resolution PheWAS approach to alcohol-related polygenic risk scores reveals mechanistic influences of alcohol reinforcing value and drinking motives,"WQ Deng,K Belisario,JC Gray, EE Levitt… - Alcohol and …, 2024",academic.oup.com,2024,https://academic.oup.com/alcalc/article-abstract/59/2/agad093/7585168,Aims This study uses a high-resolution phenome-wide approach to evaluate themotivational mechanisms of polygenic risk scores (PRSs) that have been robustly …,CADM2 is implicated in impulsive personality and numerous other traits by genome- and phenome-wide association studies in humans and mice
A phenome-wide association and Mendelian randomisation study of alcohol use variants in a diverse cohort comprising over 3 million individuals,"MV Jennings,JJ Martínez-Magaña… - Ebiomedicine, 2024",thelancet.com,2024,https://www.thelancet.com/journals/ebiom/article/PIIS2352-3964(24)00121-X/fulltext,"Background Alcohol consumption is associated with numerous negative social and healthoutcomes. These associations may be direct consequences of drinking, or they may reflect …",Item-level genome-wide association study of the alcohol use disorders identification test in three population-based cohorts
Alcohol consumption and dependence risk among male and female Veterans: Trajectories and predictors,"BMM Winnicki,DJ Lee,SE Hawn,NA Livingston… - Drug and Alcohol …, 2024",Elsevier,2024,https://www.sciencedirect.com/science/article/pii/S0376871624000590,"Background With few exceptions, previously conducted research on hazardous drinkingamong Veterans has employed samples in which the majority of participants identify as …",Item-level genome-wide association study of the alcohol use disorders identification test in three population-based cohorts
"Alcohol milestones and internalizing, externalizing, and executive function: longitudinal and polygenic score associations","SE Paul,DAA Baranger,EC Johnson… - Psychological …, 2024",cambridge.org,2024,https://www.cambridge.org/core/journals/psychological-medicine/article/alcohol-milestones-and-internalizing-externalizing-and-executive-function-longitudinal-and-polygenic-score-associations/A096F9B3DE909B3B6B11625EC88F7B58,"BackgroundAlthough the link between alcohol involvement and behavioral phenotypes (egimpulsivity, negative affect, executive function [EF]) is well-established, the directionality of …",Item-level genome-wide association study of the alcohol use disorders identification test in three population-based cohorts
Alcohol use disorder and body mass index show genetic pleiotropy and shared neural associations,"SG Malone,CN Davis, Z Piserchia, MR Setzer… - medRxiv, 2024",medrxiv.org,2024,https://www.medrxiv.org/content/10.1101/2024.05.03.24306773.abstract,Background: The prevalence of co-occurring heavy alcohol consumption and obesity isincreasing in the United States. Despite neurobiological overlap in the regulation of alcohol …,CADM2 is implicated in impulsive personality and numerous other traits by genome- and phenome-wide association studies in humans and mice
An emerging multi-omic understanding of the genetics of opioid addiction,"EO Johnson, HS Fisher,KA Sullivan,O Corradin… - The Journal of Clinical …, 2024",jci.org,2024,https://www.jci.org/articles/view/172886,"Opioid misuse, addiction, and associated overdose deaths remain global public healthcrises. Despite the tremendous need for pharmacological treatments, current options are …","Genome-wide association study of problematic opioid prescription use in 132,113 23andMe research participants of European ancestry"
Assessing the causal relationship between immune cell and Parkinson's disease by bi-directional Mendelian randomization analysis,"Q Han, X Luo, S Zhang, Z Zhou, L Wang, J Li, B Zhang",2024,2024,https://www.researchsquare.com/article/rs-4823563/latest,"Previous research has highlighted the significant role of immune cell features in thedevelopment and progression of Parkinson's disease (PD), though a direct causal …","Genome-wide association study of problematic opioid prescription use in 132,113 23andMe research participants of European ancestry"
"Association Between Self-Reported Opioid Use and Behavioral/Social Health Characteristics—Arizona, 2020","S Davidson, M Javadi, MS Gallaway - International Journal of Mental …, 2024",Springer,2024,https://link.springer.com/article/10.1007/s11469-024-01276-2,Background Arizona observed a sharp increase in opioid overdose deaths between 2017and 2021. Our objective was to better understand the relationship between behavioral/social …,"Genome-wide association study of problematic opioid prescription use in 132,113 23andMe research participants of European ancestry"
Bidirectional genetic and phenotypic links between smoking and striatal iron content involving dopaminergic and inflammatory pathways,"O Trofimova, I Iuliani,S Bergmann- medRxiv, 2024",medrxiv.org,2024,https://www.medrxiv.org/content/10.1101/2024.09.26.24314454.abstract,Tobacco smoking is a major modifiable risk factor for cardiovascular and lung diseases. Abetter understanding of its neurobiological underpinnings will benefit the prevention of …,CADM2 is implicated in impulsive personality and numerous other traits by genome- and phenome-wide association studies in humans and mice
"Binge drinking trajectories across adolescence and early adulthood: Associations with genetic influences for dual-systems impulsive personality traits, alcohol …","AP Miller,KM Spychala,WS Slutske,K Fromme… - medRxiv, 2024",medrxiv.org,2024,https://www.medrxiv.org/content/10.1101/2024.10.15.24315471.abstract,Binge drinking is a relatively common pattern of alcohol use among youth with normativefrequency trajectories peaking in emerging and early adulthood. Frequent binge drinking is …,Item-level genome-wide association study of the alcohol use disorders identification test in three population-based cohorts
"Binge drinking trajectories across adolescence and early adulthood: Associations with genetic influences for dual-systems impulsive personality traits, alcohol …","AP Miller,KM Spychala,WS Slutske,K Fromme… - medRxiv, 2024",medrxiv.org,2024,https://www.medrxiv.org/content/10.1101/2024.10.15.24315471.abstract,Binge drinking is a relatively common pattern of alcohol use among youth with normativefrequency trajectories peaking in emerging and early adulthood. Frequent binge drinking is …,CADM2 is implicated in impulsive personality and numerous other traits by genome- and phenome-wide association studies in humans and mice
Comprehensive sex-stratified genetic analysis of 28 blood biomarkers and depression reveals a significant association between depression and low levels of total …,"J Kiewa,S Meltzer-Brody, J Milgrom,J Guintivano… - Complex …, 2024",karger.com,2024,https://karger.com/cxp/article/10/1-4/19/896171,"Introduction: Major depression (MD) is more common amongst women than men, and MDepisodes have been associated with fluctuations in reproductive hormones amongst …",CADM2 is implicated in impulsive personality and numerous other traits by genome- and phenome-wide association studies in humans and mice
Computational and Polygenic Risk Profiles of Impulsive Decision-Making in Substance Use Disorders: Similarities and Differences Between Stimulants and Opiates,김현진,2024,2024,https://s-space.snu.ac.kr/handle/10371/209680,"Impulsive decision-making has been associated with substance use disorder, yet it is stilldebatable whether it is a predisposing risk factor or a consequence of such disorders. To …",Item-level genome-wide association study of the alcohol use disorders identification test in three population-based cohorts
Considerations for the application of polygenic scores to clinical care of individuals with substance use disorders,"RL Kember,CN Davis,KL Feuer,HR Kranzler- The Journal of Clinical …, 2024",jci.org,2024,https://www.jci.org/articles/view/172882,"Substance use disorders (SUDs) are highly prevalent and associated with excess morbidity,mortality, and economic costs. Thus, there is considerable interest in the early identification …","Genome-wide association study of problematic opioid prescription use in 132,113 23andMe research participants of European ancestry"
Disentangling differing relationships between internalizing disorders and alcohol use,"MS Brasher,AD Grotzinger… - American Journal of …, 2024",Wiley Online Library,2024,https://onlinelibrary.wiley.com/doi/abs/10.1002/ajmg.b.32975,"Both internalizing disorders and alcohol use have dramatic, wide‐spread implications forglobal health. Previous work has established common phenotypic comorbidity among these …",Item-level genome-wide association study of the alcohol use disorders identification test in three population-based cohorts
Dual-systems models of the genetic architecture of impulsive personality traits: Neurogenetic evidence of distinct but related factors,"AP Miller,IR Gizer- Psychological medicine, 2024",cambridge.org,2024,https://www.cambridge.org/core/journals/psychological-medicine/article/dualsystems-models-of-the-genetic-architecture-of-impulsive-personality-traits-neurogenetic-evidence-of-distinct-but-related-factors/9EA4A0F46E051EECDFEB52CAD7FF41A1,"BackgroundDual-systems models, positing an interaction between two distinct andcompeting systems (ie top-down self-control, and bottom-up reward-or emotion-based …",Item-level genome-wide association study of the alcohol use disorders identification test in three population-based cohorts
Dual-systems models of the genetic architecture of impulsive personality traits: Neurogenetic evidence of distinct but related factors,"AP Miller,IR Gizer- Psychological medicine, 2024",cambridge.org,2024,https://www.cambridge.org/core/journals/psychological-medicine/article/dualsystems-models-of-the-genetic-architecture-of-impulsive-personality-traits-neurogenetic-evidence-of-distinct-but-related-factors/9EA4A0F46E051EECDFEB52CAD7FF41A1,"BackgroundDual-systems models, positing an interaction between two distinct andcompeting systems (ie top-down self-control, and bottom-up reward-or emotion-based …",CADM2 is implicated in impulsive personality and numerous other traits by genome- and phenome-wide association studies in humans and mice
Effect of DNA methylation and AUDIT-C polygenic scores on alcohol use disorder comorbidity in psychoses: No evidence of epigenetic basis of polygenic risk,"N Al-Chalabi,G Nader,C Fischer,A Graff… - Schizophrenia …, 2024",Elsevier,2024,https://www.sciencedirect.com/science/article/pii/S0920996424002858,Discussion This study is one of the first of its kind to investigate both PRS and genome-widemethylation as predictors of AUD comorbidity in schizophrenia. Contrary to our hypothesis …,Item-level genome-wide association study of the alcohol use disorders identification test in three population-based cohorts
"Executive function and impulsivity predict distinct genetic variance in internalizing problems, externalizing problems, thought disorders, and compulsive disorders: a …","DE Gustavson,CL Morrison… - Clinical …, 2024",journals.sagepub.com,2024,https://journals.sagepub.com/doi/abs/10.1177/21677026231207845,"Individual differences in self-control predict many health and life outcomes. Building on twinliterature, we used genomic structural equation modeling to test the hypothesis that genetic …",Item-level genome-wide association study of the alcohol use disorders identification test in three population-based cohorts
"Executive function and impulsivity predict distinct genetic variance in internalizing problems, externalizing problems, thought disorders, and compulsive disorders: a …","DE Gustavson,CL Morrison… - Clinical …, 2024",journals.sagepub.com,2024,https://journals.sagepub.com/doi/abs/10.1177/21677026231207845,"Individual differences in self-control predict many health and life outcomes. Building on twinliterature, we used genomic structural equation modeling to test the hypothesis that genetic …",CADM2 is implicated in impulsive personality and numerous other traits by genome- and phenome-wide association studies in humans and mice
Generalized genetic liability to substance use disorders,"AP Miller,R Bogdan,A Agrawal… - The Journal of clinical …, 2024",Am Soc Clin Investig,2024,https://www.jci.org/articles/view/172881,"Lifetime and temporal co-occurrence of substance use disorders (SUDs) is common andcompared with individual SUDs is characterized by greater severity, additional psychiatric …",CADM2 is implicated in impulsive personality and numerous other traits by genome- and phenome-wide association studies in humans and mice
Genetic Associations of Persistent Opioid Use After Surgery Point toOPRM1but Not Other Opioid‐Related Loci as the Main Driver of Opioid Use Disorder,"AC Annis, V Gunaseelan,AV Smith… - Genetic …, 2024",Wiley Online Library,2024,https://onlinelibrary.wiley.com/doi/abs/10.1002/gepi.22588,"Persistent opioid use after surgery is a common morbidity outcome associated withsubsequent opioid use disorder, overdose, and death. While phenotypic associations have …","Genome-wide association study of problematic opioid prescription use in 132,113 23andMe research participants of European ancestry"
Genetic Influences on Alcohol Sensitivity: a Critical Review,"EW Yeung,L Herchenroeder, H Webster… - Current Addiction …, 2024",Springer,2024,https://link.springer.com/article/10.1007/s40429-023-00530-2,Abstract Purpose of Review The present review provides a summary of the progress thatgenome-wide association studies (GWAS) have made in identifying the genetic variants that …,Item-level genome-wide association study of the alcohol use disorders identification test in three population-based cohorts
Genetic Influences on Alcohol Sensitivity: a Critical Review,"EW Yeung,L Herchenroeder, H Webster… - Current Addiction …, 2024",Springer,2024,https://link.springer.com/article/10.1007/s40429-023-00530-2,Abstract Purpose of Review The present review provides a summary of the progress thatgenome-wide association studies (GWAS) have made in identifying the genetic variants that …,CADM2 is implicated in impulsive personality and numerous other traits by genome- and phenome-wide association studies in humans and mice
Genetic Risk for Alcohol Use Disorder in Relation to Individual Symptom Criteria: Do Polygenic Indices Provide Unique Information for Understanding Severity and …,"Y Kim,SP Lane,AP Miller,KC Wilhelmsen,IR Gizer- medRxiv, 2024",medrxiv.org,2024,https://www.medrxiv.org/content/10.1101/2024.09.20.24313762.abstract,Alcohol Use Disorder (AUD) is a heterogenous category with many unique configurations ofsymptoms. Previous investigations of AUD heterogeneity using molecular genetics methods …,Item-level genome-wide association study of the alcohol use disorders identification test in three population-based cohorts
Genetic heterogeneity across dimensions of alcohol use behaviors,"JE Savage,PB Barr,T Phung,YH Lee… - American Journal of …, 2024",psychiatryonline.org,2024,https://psychiatryonline.org/doi/abs/10.1176/appi.ajp.20231055,"Objective: Increasingly large samples in genome-wide association studies (GWASs) foralcohol use behaviors (AUBs) have led to an influx of implicated genes, yet the clinical and …",Item-level genome-wide association study of the alcohol use disorders identification test in three population-based cohorts
Genetic influences and causal pathways shared between cannabis use disorder and other substance use traits,"M Galimberti,DF Levey,JD Deak,H Zhou… - Molecular …, 2024",nature.com,2024,https://www.nature.com/articles/s41380-024-02548-y,"Cannabis use disorder (CanUD) has increased with the legalization of the use of cannabis.Around 20% of individuals using cannabis develop CanUD, and the number of users has …",CADM2 is implicated in impulsive personality and numerous other traits by genome- and phenome-wide association studies in humans and mice
Genetic liability to insomnia and substance use disorders in patients with bipolar disorder,"LM Melhuish Beaupre,BJ Coombes, A Batzler… - medRxiv, 2024",medrxiv.org,2024,https://www.medrxiv.org/content/10.1101/2024.09.20.24314063.abstract,Background: Insomnia and substance use disorders (SUD) are common comorbidities ofbipolar disorder (BD). Genome-wide association studies (GWAS) have uncovered shared …,"Genome-wide association study of problematic opioid prescription use in 132,113 23andMe research participants of European ancestry"
Genome-Wide Association Study in Outbred Heterogeneous Stock Rats Identifies Multiple Loci for the Incentive Salience of Reward Cues.,"CP King,AS Chitre, JD Leal-Gutiérrez… - Biorxiv: the Preprint …, 2024",europepmc.org,2024,https://europepmc.org/article/pmc/pmc10980002,Addiction vulnerability is associated with the tendency to attribute incentive salience toreward predictive cues; both addiction and the attribution of incentive salience are …,CADM2 is implicated in impulsive personality and numerous other traits by genome- and phenome-wide association studies in humans and mice
Genome-wide association studies (GWAS) and post-GWAS analyses of impulsivity: A systematic review,"J Wang,R Gu,X Kong, S Luan,YLL Luo- Progress in Neuro …, 2024",Elsevier,2024,https://www.sciencedirect.com/science/article/pii/S027858462400054X,"Impulsivity is related to a host of mental and behavioral problems. It is a complex constructwith many different manifestations, most of which are heritable. The genetic compositions of …",CADM2 is implicated in impulsive personality and numerous other traits by genome- and phenome-wide association studies in humans and mice
Genome-wide association studies of coffee intake in UK/US participants of European ancestry uncover cohort-specific genetic associations,"HHA Thorpe,P Fontanillas, BK Pham… - …, 2024",nature.com,2024,https://www.nature.com/articles/s41386-024-01870-x,"Coffee is one of the most widely consumed beverages. We performed a genome-wideassociation study (GWAS) of coffee intake in US-based 23andMe participants (N= 130,153) …",CADM2 is implicated in impulsive personality and numerous other traits by genome- and phenome-wide association studies in humans and mice
"Genome-wide association studies of lifetime and frequency cannabis use in 131,895 individuals","HHA Thorpe,P Fontanillas, JJ Meredith, MV Jennings… - medRxiv, 2024",medrxiv.org,2024,https://www.medrxiv.org/content/10.1101/2024.06.14.24308946.abstract,Cannabis is one of the most widely used drugs globally. Decriminalization of cannabis isfurther increasing cannabis consumption. We performed genome-wide association studies …,Item-level genome-wide association study of the alcohol use disorders identification test in three population-based cohorts
"Genome-wide association studies of lifetime and frequency cannabis use in 131,895 individuals","HHA Thorpe,P Fontanillas, JJ Meredith, MV Jennings… - medRxiv, 2024",medrxiv.org,2024,https://www.medrxiv.org/content/10.1101/2024.06.14.24308946.abstract,Cannabis is one of the most widely used drugs globally. Decriminalization of cannabis isfurther increasing cannabis consumption. We performed genome-wide association studies …,CADM2 is implicated in impulsive personality and numerous other traits by genome- and phenome-wide association studies in humans and mice
"Genome-wide association study of delay discounting in 134,935 individuals identifies novel loci and transdiagnostic associations across mental and physical health","HHA Thorpe,RB Cupertino, SR Pakala,P Fontanillas… - medRxiv, 2024",medrxiv.org,2024,https://www.medrxiv.org/content/10.1101/2024.09.27.24314244.abstract,"Delay discounting (DD), a person's preference for smaller immediate rewards over largerdelayed rewards, is a heritable trait that is associated with psychiatric and physical …",CADM2 is implicated in impulsive personality and numerous other traits by genome- and phenome-wide association studies in humans and mice
Genome-wide association study reveals multiple loci for nociception and opioid consumption behaviors associated with heroin vulnerability in outbred rats,"BN Kuhn, N Cannella,AS Chitre,KMH Nguyen… - bioRxiv, 2024",biorxiv.org,2024,https://www.biorxiv.org/content/10.1101/2024.02.27.582340.abstract,The increased prevalence of opioid use disorder (OUD) makes it imperative to disentanglethe biological mechanisms contributing to individual differences in OUD vulnerability. OUD …,"Genome-wide association study of problematic opioid prescription use in 132,113 23andMe research participants of European ancestry"
Genome-wide association study reveals multiple loci for nociception and opioid consumption behaviors associated with heroin vulnerability in outbred rats,"B Kuhn, N Cannella,A Chitre, KM Nguyen, K Cohen…",2024,2024,https://www.researchsquare.com/article/rs-4637892/latest,The increased prevalence of opioid use disorder (OUD) makes it imperative to disentanglethe biological mechanisms contributing to individual differences in OUD vulnerability. OUD …,"Genome-wide association study of problematic opioid prescription use in 132,113 23andMe research participants of European ancestry"
Genomic Loci Influencing Cue-Reactivity in Heterogeneous Stock Rats,"CP King,AS Chitre, JD Leal-Gutiérrez, JA Tripi… - bioRxiv, 2024",biorxiv.org,2024,https://www.biorxiv.org/content/10.1101/2024.03.13.584852.abstract,Addiction vulnerability is associated with the tendency to attribute incentive salience toreward predictive cues; both addiction and the attribution of incentive salience are …,CADM2 is implicated in impulsive personality and numerous other traits by genome- and phenome-wide association studies in humans and mice
"Impulsivity, aggressivity and mood disorders: a narrative review","P Paribello, M Manchia, F Pinna… - Journal of …, 2024",jpsychopathol.it,2024,https://www.jpsychopathol.it/article/view/460,Aggressiveness and Impulsivity represent clinically significant elements in the context ofcoexisting mental disorders and have been extensively studied in the context of mood …,CADM2 is implicated in impulsive personality and numerous other traits by genome- and phenome-wide association studies in humans and mice
Longitudinal characterization of impulsivity phenotypes boosts signal for genomic correlates and heritability,"WQ Deng,K Belisario, MR Munafò,J MacKillop- Molecular Psychiatry, 2024",nature.com,2024,https://www.nature.com/articles/s41380-024-02704-4,"Genomic correlates of impulsivity have been identified in several genome-wide associationstudies (GWAS) using cross-sectional designs, but no studies have investigated the …",CADM2 is implicated in impulsive personality and numerous other traits by genome- and phenome-wide association studies in humans and mice
Medical and genetic correlates of long-term buprenorphine treatment in the electronic health records,"M Niarchou,S Sanchez-Roige,IA Reddy… - Translational …, 2024",nature.com,2024,https://www.nature.com/articles/s41398-023-02713-x,"Despite the benefits associated with longer buprenorphine treatment duration (ie,> 180days)(BTD) for opioid use disorder (OUD), retention remains poor. Research on the impact …","Genome-wide association study of problematic opioid prescription use in 132,113 23andMe research participants of European ancestry"
Morphine-Driven m6A Epitranscriptomic Neuroadaptations in Primary Cortical Cultures,"KR Dabrowski, SE Daws - Molecular Neurobiology, 2024",Springer,2024,https://link.springer.com/article/10.1007/s12035-024-04219-z,"Opioid overdose is the leading cause of accidental death in the United States and remains amajor public health concern, despite significant resources aimed at combating opioid …",CADM2 is implicated in impulsive personality and numerous other traits by genome- and phenome-wide association studies in humans and mice
Multi-ancestry meta-analysis of tobacco use disorder identifies 461 potential risk genes and reveals associations with multiple health outcomes,"S Toikumo, MV Jennings, BK Pham,H Lee… - Nature Human …, 2024",nature.com,2024,https://www.nature.com/articles/s41562-024-01851-6,Tobacco use disorder (TUD) is the most prevalent substance use disorder in the world.Genetic factors influence smoking behaviours and although strides have been made using …,Item-level genome-wide association study of the alcohol use disorders identification test in three population-based cohorts
Multi-ancestry meta-analysis of tobacco use disorder identifies 461 potential risk genes and reveals associations with multiple health outcomes,"S Toikumo, MV Jennings, BK Pham,H Lee… - Nature Human …, 2024",nature.com,2024,https://www.nature.com/articles/s41562-024-01851-6,Tobacco use disorder (TUD) is the most prevalent substance use disorder in the world.Genetic factors influence smoking behaviours and although strides have been made using …,"Genome-wide association study of problematic opioid prescription use in 132,113 23andMe research participants of European ancestry"
Multi-omic network analysis identifies dysregulated neurobiological pathways in opioid addiction,"KA Sullivan,D Kainer, M Lane,M Cashman,JI Miller… - medRxiv, 2024",medrxiv.org,2024,https://www.medrxiv.org/content/10.1101/2024.01.04.24300831.abstract,"Opioid addiction constitutes a public health crisis in the United States and opioids cause themost drug overdose deaths in Americans. Yet, opioid addiction treatments have limited …","Genome-wide association study of problematic opioid prescription use in 132,113 23andMe research participants of European ancestry"
"Neurogenetic and multi‐omic sources of overlap among sensation seeking, alcohol consumption, and alcohol use disorder","AP Miller,IR Gizer- Addiction biology, 2024",Wiley Online Library,2024,https://onlinelibrary.wiley.com/doi/abs/10.1111/adb.13365,"Sensation seeking is bidirectionally associated with levels of alcohol consumption in bothadult and adolescent samples, and shared neurobiological and genetic influences may in …",Item-level genome-wide association study of the alcohol use disorders identification test in three population-based cohorts
"Neurogenetic and multi‐omic sources of overlap among sensation seeking, alcohol consumption, and alcohol use disorder","AP Miller,IR Gizer- Addiction biology, 2024",Wiley Online Library,2024,https://onlinelibrary.wiley.com/doi/abs/10.1111/adb.13365,"Sensation seeking is bidirectionally associated with levels of alcohol consumption in bothadult and adolescent samples, and shared neurobiological and genetic influences may in …",CADM2 is implicated in impulsive personality and numerous other traits by genome- and phenome-wide association studies in humans and mice
No gene by stressful life events interaction on individual differences in adults' self-control,"YE Willems,L Raffington,L Ligthart,R Pool… - Frontiers in …, 2024",frontiersin.org,2024,https://www.frontiersin.org/articles/10.3389/fpsyt.2024.1388264/full,"Background Difficulty with self-control, or the ability to alter impulses and behavior in a goal-directed way, predicts interpersonal conflict, lower socioeconomic attainments, and more …",CADM2 is implicated in impulsive personality and numerous other traits by genome- and phenome-wide association studies in humans and mice
Opioid use disorder risk alleles in self-reported assigned African American/Afro-Caribbean and European biogeographical genetic ancestry groups and in males and …,"JE Sprague,CE Freiermuth,J Lambert… - The …, 2024",nature.com,2024,https://www.nature.com/articles/s41397-024-00337-y,The influence of genetic variants related to opioid use disorder (OUD) was evaluated usingmultiple logistic regression analysis in self-reported assigned African American/Afro …,"Genome-wide association study of problematic opioid prescription use in 132,113 23andMe research participants of European ancestry"
Pleiotropy and genetically inferred causality linking multisite chronic pain to substance use disorders,"D Koller, E Friligkou, B Stiltner,GA Pathak… - Molecular …, 2024",nature.com,2024,https://www.nature.com/articles/s41380-024-02446-3,Individuals suffering from chronic pain develop substance use disorders (SUDs) more oftenthan others. Understanding the shared genetic influences underlying the comorbidity …,CADM2 is implicated in impulsive personality and numerous other traits by genome- and phenome-wide association studies in humans and mice
Rare and common variants associated with alcohol consumption identify a conserved molecular network,"BS Leger, JJ Meredith,T Ideker… - Alcohol: Clinical and …, 2024",Wiley Online Library,2024,https://onlinelibrary.wiley.com/doi/abs/10.1111/acer.15399,"Background Genome‐wide association studies (GWAS) have identified hundreds ofcommon variants associated with alcohol consumption. In contrast, genetic studies of …",Item-level genome-wide association study of the alcohol use disorders identification test in three population-based cohorts
Sex and genetic background influence intravenous oxycodone self-administration in the Hybrid Rat Diversity Panel,"EP Duffy, JO Ward, LH Hale, KT Brown, AJ Kwilasz… - bioRxiv, 2024",biorxiv.org,2024,https://www.biorxiv.org/content/10.1101/2024.10.03.615948.abstract,"Opioid Use Disorder (OUD) is an ongoing worldwide public health concern. Genetic factorscontribute to multiple OUD-related phenotypes, such as opioid-induced analgesia, initiation …","Genome-wide association study of problematic opioid prescription use in 132,113 23andMe research participants of European ancestry"
Shared genetic architecture and causal relationship between the age at first sex and COVID-19: A large-scale cross-trait analysis,"Z Ruan, Z Fan, Z Liu, Z Huang, X Hu, P Zhou, X Fan…",2024,2024,https://www.researchsquare.com/article/rs-3963204/latest,"COVID-19 is genetically associated with numerous immune disorders, and young age at firstintercourse (AFS) may lead to early activation of innate immunity. However, the genetic …",CADM2 is implicated in impulsive personality and numerous other traits by genome- and phenome-wide association studies in humans and mice
"Shared genetics of ADHD, cannabis use disorder and cannabis use and prediction of cannabis use disorder in ADHD","TT Nielsen,J Duan,DF Levey,GB Walters… - Nature Mental …, 2024",nature.com,2024,https://www.nature.com/articles/s44220-024-00277-3,Cannabis use disorder (CUD) and cannabis use (CU) are prevalent conditions co-occurringwith attention-deficit hyperactivity disorder (ADHD). Here we report results from a cross …,CADM2 is implicated in impulsive personality and numerous other traits by genome- and phenome-wide association studies in humans and mice
[HTML][HTML]Functional 3'-UTR Variants Identify Regulatory Mechanisms Impacting Alcohol Use Disorder and Related Traits,"AB Chen, X Yu, KS Thapa, H Gao,JL Reiter, X Xuei… - bioRxiv, 2024",ncbi.nlm.nih.gov,2024,https://www.ncbi.nlm.nih.gov/pmc/articles/PMC10871301/,"Although genome-wide association studies (GWAS) have identified loci associated withalcohol consumption and alcohol use disorder (AUD), they do not identify which variants are …",Item-level genome-wide association study of the alcohol use disorders identification test in three population-based cohorts
[HTML][HTML]Genetic contribution to the comorbidity between attention-deficit/hyperactivity disorder and substance use disorders,"D Koller, M Mitjans, M Kouakou, E Friligkou… - Psychiatry …, 2024",Elsevier,2024,https://www.sciencedirect.com/science/article/pii/S0165178124000416,We characterized the genetic architecture of the attention-deficit hyperactivity disorder-substance use disorder (ADHD-SUD) relationship by investigating genetic correlation …,"Genome-wide association study of problematic opioid prescription use in 132,113 23andMe research participants of European ancestry"
[HTML][HTML]Genetic contribution to the comorbidity between attention-deficit/hyperactivity disorder and substance use disorders,"D Koller, M Mitjans, M Kouakou, E Friligkou… - Psychiatry …, 2024",Elsevier,2024,https://www.sciencedirect.com/science/article/pii/S0165178124000416,We characterized the genetic architecture of the attention-deficit hyperactivity disorder-substance use disorder (ADHD-SUD) relationship by investigating genetic correlation …,CADM2 is implicated in impulsive personality and numerous other traits by genome- and phenome-wide association studies in humans and mice
[HTML][HTML]Genetically regulated gene expression in the brain associated with chronic pain: Relationships with clinical traits and potential for drug repurposing,"KJA Johnston,AC Cote, E Hicks,J Johnson… - Biological …, 2024",Elsevier,2024,https://www.sciencedirect.com/science/article/pii/S0006322323015548,"Background Chronic pain is a common, poorly understood condition. Genetic studiesincluding genome-wide association studies have identified many relevant variants, which …","Genome-wide association study of problematic opioid prescription use in 132,113 23andMe research participants of European ancestry"
[HTML][HTML]Individual differences in adolescent self-control: The role of gene-environment interplay,"YE Willems,JB Li,M Bartels,C Finkenauer- Current Opinion in …, 2024",Elsevier,2024,https://www.sciencedirect.com/science/article/pii/S2352250X24001106,Self-control–the ability to alter unwanted impulses and behavior to bring them intoagreement with goal-driven responses–is key during adolescence. It helps young people …,CADM2 is implicated in impulsive personality and numerous other traits by genome- and phenome-wide association studies in humans and mice
[HTML][HTML]Navigating the Complexity of Genetic and Phenotypic Data: Insights from Genomic Structural Equation Modeling and Assortative Mating Patterns,TB Horwitz- 2024,search.proquest.com,2024,https://search.proquest.com/openview/bb7957834f5a8985493ee2c3550ec819/1?pq-origsite=gscholar&cbl=18750&diss=y,"Statistical and behavioral geneticists continue to face hurdles in the quest to quantify therelationship between genes and phenotypes. For example, researchers who use factor …",Item-level genome-wide association study of the alcohol use disorders identification test in three population-based cohorts
[HTML][HTML]Partitioning the Genomic Components of Behavioral Disinhibition and Substance Use (Disorder) Using Genomic Structural Equation Modeling,"TB Horwitz,K Zorina-Lichtenwalter,DE Gustavson… - medRxiv, 2024",ncbi.nlm.nih.gov,2024,https://www.ncbi.nlm.nih.gov/pmc/articles/PMC10925358/,"Externalizing behaviors encompass manifestations of risk-taking, self-regulation,aggression, sensation-/reward-seeking, and impulsivity. Externalizing research often …",Item-level genome-wide association study of the alcohol use disorders identification test in three population-based cohorts
“Weeding out” violence? Translational perspectives on the neuropsychobiological links between cannabis and aggression,"M Bortolato, G Braccagni,CA Pederson,G Floris… - Aggression and violent …, 2024",Elsevier,2024,https://www.sciencedirect.com/science/article/pii/S1359178924000387,"Recent shifts in societal attitudes toward cannabis have led to a dramatic increase inconsumption rates in many Western countries, particularly among young people. This trend …",CADM2 is implicated in impulsive personality and numerous other traits by genome- and phenome-wide association studies in humans and mice
青春前期消极同伴关系与冲动性: 三次重复测量的交叉滞后面板模型,"黄林辉， 陈圆圆， 朱键军， 张卫 - 心理与行为研究, 2024",psybeh.tjnu.edu.cn,2024,https://psybeh.tjnu.edu.cn/CN/abstract/abstract2533.shtml,"本研究采用交叉滞后面板模型, 旨在探索青春前期消极同伴关系(越轨同伴交往和欺凌受害)和冲动性之间的纵向关系. 使用越轨同伴交往量表, 特拉华欺负受害量表和简式UPPS-P …",CADM2 is implicated in impulsive personality and numerous other traits by genome- and phenome-wide association studies in humans and mice
3D genomic features across> 50 diverse cell types reveal insights into the genomic architecture of childhood obesity,"KB Trang,MC Pahl, JA Pippin,C Su,SH Littleton… - medRxiv, 2023",medrxiv.org,2023,https://www.medrxiv.org/content/10.1101/2023.08.30.23294092.abstract,"Importance The prevalence of childhood obesity is increasing worldwide, along with theassociated common comorbidities of type 2 diabetes and cardiovascular disease in later life …","Genome-wide association study of problematic opioid prescription use in 132,113 23andMe research participants of European ancestry"
5. Collaborative study on the genetics of alcoholism: functional genomics,"I Gameiro‐Ros,D Popova, I Prytkova… - Genes, Brain and …, 2023",Wiley Online Library,2023,https://onlinelibrary.wiley.com/doi/abs/10.1111/gbb.12855,"Abstract Alcohol Use Disorder is a complex genetic disorder, involving genetic, neural, andenvironmental factors, and their interactions. The Collaborative Study on the Genetics of …",Item-level genome-wide association study of the alcohol use disorders identification test in three population-based cohorts
A multivariate approach to understanding the genetic overlap between externalizing phenotypes and substance use disorders,"HE Poore,A Hatoum,TT Mallard… - Addiction …, 2023",Wiley Online Library,2023,https://onlinelibrary.wiley.com/doi/abs/10.1111/adb.13319,"Substance use disorders (SUDs) are phenotypically and genetically correlated with eachother and with other psychological traits characterized by behavioural under‐control, termed …",Item-level genome-wide association study of the alcohol use disorders identification test in three population-based cohorts
A review of the genomics of neonatal abstinence syndrome,"E Yen, N Gaddis, L Jantzie, JM Davis - Frontiers in Genetics, 2023",frontiersin.org,2023,https://www.frontiersin.org/articles/10.3389/fgene.2023.1140400/full,Neonatal abstinence syndrome (NAS) is a constellation of signs of withdrawal occurringafter birth following in utero exposure to licit or illicit opioids. Despite significant research and …,"Genome-wide association study of problematic opioid prescription use in 132,113 23andMe research participants of European ancestry"
Alcohol consumption and alcohol use disorder: exposing an increasingly shared genetic architecture,"JD White,LJ Bierut- American journal of psychiatry, 2023",Am Psychiatric Assoc,2023,https://ajp.psychiatryonline.org/doi/full/10.1176/appi.ajp.20230456,"In this issue, Kember et al.(1) report an impressive undertaking to identify geneticcontributors to both alcohol consumption and alcohol use disorder (AUD) in the largest study …",Item-level genome-wide association study of the alcohol use disorders identification test in three population-based cohorts
CADM2is implicated in impulsive personality and numerous other traits by genome- and phenome-wide association studies in humans and mice,"S Sanchez-Roige, MV Jennings,HHA Thorpe… - Translational …, 2023",nature.com,2023,https://www.nature.com/articles/s41398-023-02453-y,"Impulsivity is a multidimensional heritable phenotype that broadly refers to the tendency toact prematurely and is associated with multiple forms of psychopathology, including …","Genome-wide association study of problematic opioid prescription use in 132,113 23andMe research participants of European ancestry"
Comparison of the Multivariate Genetic Architecture of Eight Major Psychiatric Disorders Across Sex,"T Schwaba,TT Mallard,AX Maihofer,M Rhemtulla… - medRxiv, 2023",medrxiv.org,2023,https://www.medrxiv.org/content/10.1101/2023.05.25.23290545.abstract,"Differences in the patterning of genetic sharing and differentiation between groups mayarise from differences in biological pathways, social mechanisms, phenotyping and …",Item-level genome-wide association study of the alcohol use disorders identification test in three population-based cohorts
Contagious Transmission in a Swedish National Sample of Alcohol Use Disorders as a Function of Geographical Proximity Among Siblings and Propinquity-of …,"KS Kendler,H Ohlsson, J Sundquist… - Journal of Studies on …, 2023",jsad.com,2023,https://www.jsad.com/doi/abs/10.15288/jsad.23-00003,Objective: The purpose of this study was to determine whether alcohol use disorder (AUD)can be transmitted contagiously in siblings and likely acquaintances growing up close to …,Item-level genome-wide association study of the alcohol use disorders identification test in three population-based cohorts
Diagnostic criteria for identifying individuals at high risk of progression from mild or moderate to severe alcohol use disorder,"AP Miller,I Sally, C Kuo,EC Johnson… - JAMA network …, 2023",jamanetwork.com,2023,https://jamanetwork.com/journals/jamanetworkopen/article-abstract/2810438,Importance CurrentDiagnostic and Statistical Manual of Mental Disorders (FifthEdition)(DSM-5) diagnoses of substance use disorders rely on criterion count–based …,Item-level genome-wide association study of the alcohol use disorders identification test in three population-based cohorts
Differences in genetic correlations between posttraumatic stress disorder and alcohol-related problems phenotypes compared to alcohol consumption-related …,"KE Bountress,D Bustamante, SSS De Viteri… - Psychological …, 2023",cambridge.org,2023,https://www.cambridge.org/core/journals/psychological-medicine/article/differences-in-genetic-correlations-between-posttraumatic-stress-disorder-and-alcoholrelated-problems-phenotypes-compared-to-alcohol-consumptionrelated-phenotypes/AE31BA5832987C3A46E7084A768EA16A,"BackgroundPosttraumatic Stress Disorder (PTSD) tends to co-occur with greater alcoholconsumption as well as alcohol use disorder (AUD). However, it is unknown whether the …",Item-level genome-wide association study of the alcohol use disorders identification test in three population-based cohorts
Dimensional and transdiagnostic phenotypes in psychiatric genome-wide association studies,"MA Waszczuk,KG Jonas,M Bornovalova,G Breen… - Molecular …, 2023",nature.com,2023,https://www.nature.com/articles/s41380-023-02142-8,Genome-wide association studies (GWAS) provide biological insights into disease onsetand progression and have potential to produce clinically useful biomarkers. A growing body …,Item-level genome-wide association study of the alcohol use disorders identification test in three population-based cohorts
Endogenous opiates and behavior: 2021,"RJ Bodnar- Peptides, 2023",Elsevier,2023,https://www.sciencedirect.com/science/article/pii/S0196978123000669,"This paper is the forty-fourth consecutive installment of the annual anthological review ofresearch concerning the endogenous opioid system, summarizing articles published during …","Genome-wide association study of problematic opioid prescription use in 132,113 23andMe research participants of European ancestry"
Examining the shared etiology of psychopathology with genome-wide association studies,"TT Mallard,AD Grotzinger… - Physiological …, 2023",journals.physiology.org,2023,https://journals.physiology.org/doi/abs/10.1152/physrev.00016.2022,Genome-wide association studies (GWASs) have ushered in a new era of reproduciblediscovery in psychiatric genetics. The field has now identified hundreds of common genetic …,Item-level genome-wide association study of the alcohol use disorders identification test in three population-based cohorts
Functional and molecular characterization of suicidality factors using phenotypic and genome-wide data,"A Quintero Reis, BA Newton,R Kessler… - Molecular …, 2023",nature.com,2023,https://www.nature.com/articles/s41380-022-01929-5,Genome-wide association studies (GWAS) of suicidal thoughts and behaviors support theexistence of genetic contributions. Continuous measures of psychiatric disorder symptom …,Item-level genome-wide association study of the alcohol use disorders identification test in three population-based cohorts
Genetic associations between alcohol phenotypes and life satisfaction: a genomic structural equation modelling approach,"KE Bountress,SE Cusack,SE Hawn,A Grotzinger… - Scientific Reports, 2023",nature.com,2023,https://www.nature.com/articles/s41598-023-40199-1,"Alcohol use (ie, quantity, frequency) and alcohol use disorder (AUD) are common,associated with adverse outcomes, and genetically-influenced. Genome-wide association …",Item-level genome-wide association study of the alcohol use disorders identification test in three population-based cohorts
Genetic associations of persistent opioid use after surgery: a hypothesis-driven analysis of high-value genetic variants in the Michigan Genomics Initiative dataset,"C Brummett, A Annis, V Gunaseelan,A Smith…",2023,2023,https://www.researchsquare.com/article/rs-3175786/latest,"Persistent opioid use after surgery is a common morbidity outcome associated withsubsequent opioid use disorder, overdose, and death. While phenotypic associations are …","Genome-wide association study of problematic opioid prescription use in 132,113 23andMe research participants of European ancestry"
Genetic underpinnings of the transition from alcohol consumption to alcohol use disorder: shared and unique genetic architectures in a cross-ancestry sample,"RL Kember,R Vickers-Smith,H Zhou… - American journal of …, 2023",Am Psychiatric Assoc,2023,https://ajp.psychiatryonline.org/doi/abs/10.1176/appi.ajp.21090892,Objective: Recent genome-wide association studies (GWASs) of alcohol-related phenotypeshave uncovered key differences in the underlying genetic architectures of alcohol …,Item-level genome-wide association study of the alcohol use disorders identification test in three population-based cohorts
Genetic variants associated with opioid use disorder,"CE Freiermuth,DF Kisor,J Lambert… - Clinical …, 2023",Wiley Online Library,2023,https://ascpt.onlinelibrary.wiley.com/doi/abs/10.1002/cpt.2864,"Genetics are presumed to contribute 30–40% to opioid use disorder (OUD), allowing for thepossibility that genetic markers could be used to identify personal risk for developing OUD …","Genome-wide association study of problematic opioid prescription use in 132,113 23andMe research participants of European ancestry"
Genome-Wide Association Studies of Coffee Intake in UK/US Participants of European Ancestry Uncover Gene-Cohort Influences,"HHA Thorpe,P Fontanillas, BK Pham, JJ Meredith… - medRxiv, 2023",medrxiv.org,2023,https://www.medrxiv.org/content/10.1101/2023.09.09.23295284.abstract,"Coffee is one of the most widely consumed beverages. We performed a genome-wideassociation study (GWAS) of coffee intake in US-based 23andMe participants (N= 130,153) …","Genome-wide association study of problematic opioid prescription use in 132,113 23andMe research participants of European ancestry"
Identification of Novel Loci and Cross-Disorder Pleiotropy Through Multi-Ancestry Genome-Wide Analysis of Alcohol Use Disorder in Over One Million Individuals,"R Icick, A Shadrin,B Holen,N Karadag,N Parker…",2023,2023,https://scholarworks.indianapolis.iu.edu/items/fcb0e6a0-3d55-47f2-adb5-2f122031e5a4,Alcohol use disorder (AUD) is highly heritable and burdensome worldwide. Genome-wideassociation studies (GWASs) can provide new evidence regarding the aetiology of AUD. We …,Item-level genome-wide association study of the alcohol use disorders identification test in three population-based cohorts
Implementing core genes and an omnigenic model for behaviour traits prediction in genomics,"T Rancelis, I Domarkiene, L Ambrozaityte, A Utkus - Genes, 2023",mdpi.com,2023,https://www.mdpi.com/2073-4425/14/8/1630,"A high number of genome variants are associated with complex traits, mainly due to genome-wide association studies (GWAS). Using polygenic risk scores (PRSs) is a widely accepted …",CADM2 is implicated in impulsive personality and numerous other traits by genome- and phenome-wide association studies in humans and mice
Investigating genetically stratified subgroups to better understand the etiology of alcohol misuse,"AB Thijssen… - Molecular …, 2023",nature.com,2023,https://www.nature.com/articles/s41380-023-02174-0,"Alcohol misuse (AM) is highly prevalent and harmful, with theorized subgroups differing oninternalizing and externalizing dimensions. Despite known heterogeneity, genome-wide …",Item-level genome-wide association study of the alcohol use disorders identification test in three population-based cohorts
Isolating transdiagnostic effects reveals specific genetic profiles in psychiatric disorders,"E Keser, W Liao,AG Allegrini,K Rimfeld,TC Eley… - medRxiv, 2023",medrxiv.org,2023,https://www.medrxiv.org/content/10.1101/2023.12.20.23300292.abstract,Evidence indicates a great degree of genetic overlap between psychiatric diagnoses.Accounting for these transdiagnostic effects can sharpen research on disorder-specific …,Item-level genome-wide association study of the alcohol use disorders identification test in three population-based cohorts
Multi-ancestry meta-analysis of tobacco use disorders based on electronic health record data prioritizes novel candidate risk genes and reveals associations with …,"S Toikumo, MV Jennings, B Pham, H Lee,TT Mallard… - medRxiv, 2023",medrxiv.org,2023,https://www.medrxiv.org/content/10.1101/2023.03.27.23287713.abstract,"Tobacco use disorder (TUD) is the most prevalent substance use disorder in the world.Genetic factors influence smoking behaviors, and although strides have been made using …",Item-level genome-wide association study of the alcohol use disorders identification test in three population-based cohorts
Multi-ancestry meta-analysis of tobacco use disorders based on electronic health record data prioritizes novel candidate risk genes and reveals associations with …,"S Toikumo, MV Jennings, B Pham, H Lee,TT Mallard… - medRxiv, 2023",medrxiv.org,2023,https://www.medrxiv.org/content/10.1101/2023.03.27.23287713.abstract,"Tobacco use disorder (TUD) is the most prevalent substance use disorder in the world.Genetic factors influence smoking behaviors, and although strides have been made using …","Genome-wide association study of problematic opioid prescription use in 132,113 23andMe research participants of European ancestry"
Multi-ancestry study of the genetics of problematic alcohol use in over 1 million individuals,"H Zhou,RL Kember,JD Deak,H Xu,S Toikumo… - Nature Medicine, 2023",nature.com,2023,https://www.nature.com/articles/s41591-023-02653-5,"Problematic alcohol use (PAU), a trait that combines alcohol use disorder and alcohol-related problems assessed with a questionnaire, is a leading cause of death and morbidity …",Item-level genome-wide association study of the alcohol use disorders identification test in three population-based cohorts
Multivariate genome-wide analysis of aging-related traits identifies novel loci and new drug targets for healthy aging,"DB Rosoff,LA Mavromatis,AS Bell,J Wagner, J Jung… - Nature aging, 2023",nature.com,2023,https://www.nature.com/articles/s43587-023-00455-5,"The concept of aging is complex, including many related phenotypes such as healthspan,lifespan, extreme longevity, frailty and epigenetic aging, suggesting shared biological …",Item-level genome-wide association study of the alcohol use disorders identification test in three population-based cohorts
Multivariate genome-wide association meta-analysis of over 1 million subjects identifies loci underlying multiple substance use disorders,"AS Hatoum,SMC Colbert,EC Johnson… - Nature Mental …, 2023",nature.com,2023,https://www.nature.com/articles/s44220-023-00034-y,Genetic liability to substance use disorders can be parsed into loci that confer general orsubstance-specific addiction risk. We report a multivariate genome-wide association meta …,Item-level genome-wide association study of the alcohol use disorders identification test in three population-based cohorts
Neuroimaging of opioid exposure: a review of preclinical animal models to inform addiction research,"HM Kamens, S Cramer,RN Hanley,S Chase… - …, 2023",Springer,2023,https://link.springer.com/article/10.1007/s00213-023-06477-6,"Opioid use results in thousands of overdose deaths each year. To address this crisis, weneed a better understanding of the neurobiological mechanisms that drive opioid abuse …","Genome-wide association study of problematic opioid prescription use in 132,113 23andMe research participants of European ancestry"
"Neuroimmune mechanisms of opioid use disorder and recovery: Translatability to human studies, and future research directions","ER Butelman,RZ Goldstein, CA Nwaneshiudu… - Neuroscience, 2023",Elsevier,2023,https://www.sciencedirect.com/science/article/pii/S0306452223003408,Opioid use disorder (OUD) is a major current cause of morbidity and mortality. Long-termexposure to short-acting opioids (MOP-r agonists such as heroin or fentanyl) results in …,"Genome-wide association study of problematic opioid prescription use in 132,113 23andMe research participants of European ancestry"
Opioid Trail: Tracking Contributions to Opioid Use Disorder from Host Genetics to the Gut Microbiome,"EP Duffy,RK Bachtell,MA Ehringer- Neuroscience & Biobehavioral …, 2023",Elsevier,2023,https://www.sciencedirect.com/science/article/pii/S0149763423004566,Opioid use disorder (OUD) is a worldwide public health crisis with few effective treatmentoptions. Traditional genetics and neuroscience approaches have provided knowledge about …,"Genome-wide association study of problematic opioid prescription use in 132,113 23andMe research participants of European ancestry"
Risk factors for binge drinking in young adulthood: the roles of aggregate genetic liability and impulsivity-related processes,"S Lannoy, J Heron,M Hickman,AC Edwards- Journal of studies on …, 2023",jsad.com,2023,https://www.jsad.com/doi/abs/10.15288/jsad.22-00420,Objective: Binge drinking is characterized by excessive alcohol use and is widespread inyouth. We explore the relationship between binge drinking's risk factors by considering (a) …,Item-level genome-wide association study of the alcohol use disorders identification test in three population-based cohorts
"Shared genetic liability for alcohol consumption, alcohol problems, and suicide attempt: Evaluating the role of impulsivity","M Stephenson,S Lannoy,AC Edwards- Translational psychiatry, 2023",nature.com,2023,https://www.nature.com/articles/s41398-023-02389-3,Heavy drinking and diagnosis with alcohol use disorder (AUD) are consistently associatedwith risk for suicide attempt (SA). Though the shared genetic architecture among alcohol …,Item-level genome-wide association study of the alcohol use disorders identification test in three population-based cohorts
Specific diagnostic criteria identify those at high risk for progression from 'preaddiction'to severe alcohol use disorder,"AP Miller,SIC Kuo,EC Johnson, R Tillman,SJ Brislin… - medRxiv, 2023",medrxiv.org,2023,https://www.medrxiv.org/content/10.1101/2023.06.12.23291164.abstract,"Importance Both current DSM-5 diagnoses of substance use disorders (SUDs) and therecent “preaddiction” conceptual proposal (ie, mild-to-moderate SUD) rely on criterion count …",Item-level genome-wide association study of the alcohol use disorders identification test in three population-based cohorts
The genetically informed neurobiology of addiction (GINA) model,"R Bogdan,AS Hatoum,EC Johnson… - Nature Reviews …, 2023",nature.com,2023,https://www.nature.com/articles/s41583-022-00656-8,Addictions are heritable and unfold dynamically across the lifespan. One prominentneurobiological theory proposes that substance-induced changes in neural circuitry promote …,Item-level genome-wide association study of the alcohol use disorders identification test in three population-based cohorts
The pleiotropic architecture of human impulsivity across biological scales,"TT Mallard,JD Tubbs, M Jennings,Y Zhang… - medRxiv, 2023",medrxiv.org,2023,https://www.medrxiv.org/content/10.1101/2023.11.28.23299133.abstract,"Impulsivity is a complex psychological construct that represents a core feature of manypsychiatric and neurological conditions. Here, we used multivariate methods to formally …",Item-level genome-wide association study of the alcohol use disorders identification test in three population-based cohorts
The pleiotropic architecture of human impulsivity across biological scales,"TT Mallard,JD Tubbs, M Jennings,Y Zhang… - medRxiv, 2023",medrxiv.org,2023,https://www.medrxiv.org/content/10.1101/2023.11.28.23299133.abstract,"Impulsivity is a complex psychological construct that represents a core feature of manypsychiatric and neurological conditions. Here, we used multivariate methods to formally …",CADM2 is implicated in impulsive personality and numerous other traits by genome- and phenome-wide association studies in humans and mice
The promise of an evolutionary perspective of alcohol consumption,"BL Clites,HA Hofmann,JT Pierce- Neuroscience Insights, 2023",journals.sagepub.com,2023,https://journals.sagepub.com/doi/abs/10.1177/26331055231163589,The urgent need for medical treatments of alcohol use disorders has motivated the searchfor novel molecular targets of alcohol response. Most studies exploit the strengths of lab …,Item-level genome-wide association study of the alcohol use disorders identification test in three population-based cohorts
"[BOOK][B]Alcohol use among older adults: Population perspectives on prevalence, correlates, and consequences of drinking in Swedish 70-year-olds",F Ahlner,2023,2023,https://gupea.ub.gu.se/handle/2077/75188,"Background: Alcohol consumption is a major contributor to global morbidity and mortality, aswell as accidents and intentional injuries. Older adults may be particularly susceptible to …",Item-level genome-wide association study of the alcohol use disorders identification test in three population-based cohorts
[BOOK][B]Incorporating a Developmental Perspective Into Gene Identification Models for Alcohol Use Behaviors,NS Thomas- 2023,search.proquest.com,2023,https://search.proquest.com/openview/46b48d07d09e0e39b4e52827d98231da/1?pq-origsite=gscholar&cbl=18750&diss=y,"Frequent alcohol use can lead to alcohol use disorder, which accounts for three milliondeaths and over 133 million life years lost to disability and death worldwide per year …",Item-level genome-wide association study of the alcohol use disorders identification test in three population-based cohorts
[HTML][HTML]A shared genetic signature for common chronic pain conditions and its impact on biopsychosocial traits,"SF Farrell,PF Kho,M Lundberg,AI Campos… - The Journal of …, 2023",Elsevier,2023,https://www.sciencedirect.com/science/article/pii/S152659002200431X,"The multiple comorbidities & dimensions of chronic pain present a formidable challenge indisentangling its aetiology. Here, we performed genome-wide association studies of 8 …","Genome-wide association study of problematic opioid prescription use in 132,113 23andMe research participants of European ancestry"
[HTML][HTML]Genetic basis of opioid traits and gene expression in multiple murine mapping populations,JA Beierle,2023,2023,https://search.proquest.com/openview/9ddff009cc25df24277c99cc8ed2deb1/1?pq-origsite=gscholar&cbl=18750&diss=y,"Abstract Opioid Use Disorder is known to have a heritable component, but the geneticsunderlying this heritability are not well understood. Inbred laboratory mice provide a stable …","Genome-wide association study of problematic opioid prescription use in 132,113 23andMe research participants of European ancestry"
[HTML][HTML]Multi-ancestry meta-analysis of tobacco use disorder prioritizes novel candidate risk genes and reveals associations with numerous health outcomes,"S Toikumo, MV Jennings, BK Pham, H Lee,TT Mallard… - medRxiv, 2023",ncbi.nlm.nih.gov,2023,https://www.ncbi.nlm.nih.gov/pmc/articles/PMC10081388/,"Tobacco use disorder (TUD) is the most prevalent substance use disorder in the world.Genetic factors influence smoking behaviors, and although strides have been made using …",Item-level genome-wide association study of the alcohol use disorders identification test in three population-based cohorts
[HTML][HTML]Multi-ancestry meta-analysis of tobacco use disorder prioritizes novel candidate risk genes and reveals associations with numerous health outcomes,"S Toikumo, MV Jennings, BK Pham, H Lee,TT Mallard… - medRxiv, 2023",ncbi.nlm.nih.gov,2023,https://www.ncbi.nlm.nih.gov/pmc/articles/PMC10081388/,"Tobacco use disorder (TUD) is the most prevalent substance use disorder in the world.Genetic factors influence smoking behaviors, and although strides have been made using …","Genome-wide association study of problematic opioid prescription use in 132,113 23andMe research participants of European ancestry"
[HTML][HTML]Synergistic Effects of Ethanol and G-Coupled Inwardly Rectifying Potassium Channel Subunit 2 on Neuronal Excitability and Mitochondria,IA Prytkova,2023,2023,https://search.proquest.com/openview/01a2703364bf2b956bd966c7f9d97169/1?pq-origsite=gscholar&cbl=18750&diss=y,Genome-wide association analysis of electroencephalographic endophenotypes for alcoholuse disorder has identified non-coding polymorphisms within the KCNJ6 gene. KCNJ6 …,Item-level genome-wide association study of the alcohol use disorders identification test in three population-based cohorts
A Genome-Wide Association Study Reveals aBDNF-Centered Molecular Network Associated with Alcohol Dependence and Related Clinical Measures,"A Levchenko, S Malov, A Antonik, A Protsvetkina… - Biomedicines, 2022",mdpi.com,2022,https://www.mdpi.com/2227-9059/10/12/3007,"At least 50% of factors predisposing to alcohol dependence (AD) are genetic and womenaffected with this disorder present with more psychiatric comorbidities, probably indicating …",Item-level genome-wide association study of the alcohol use disorders identification test in three population-based cohorts
Accelerating Opioid Use Disorders Research by Integrating Multiple Data Modalities.,"SB Bianchi,AD Jeffery,DC Samuels, L Schirle… - Complex …, 2022",europepmc.org,2022,https://europepmc.org/article/pmc/pmc9669996,"We are in the midst of a global opioid epidemic, which is driven by the misuse of bothprescription and illicit opioids. The metrics are overwhelming; eg, opioid overdose deaths …",Item-level genome-wide association study of the alcohol use disorders identification test in three population-based cohorts
Accelerating Opioid Use Disorders Research by Integrating Multiple Data Modalities.,"SB Bianchi,AD Jeffery,DC Samuels, L Schirle… - Complex …, 2022",europepmc.org,2022,https://europepmc.org/article/pmc/pmc9669996,"We are in the midst of a global opioid epidemic, which is driven by the misuse of bothprescription and illicit opioids. The metrics are overwhelming; eg, opioid overdose deaths …","Genome-wide association study of problematic opioid prescription use in 132,113 23andMe research participants of European ancestry"
Accelerating opioid use disorders research by integrating multiple data modalities,"SB Bianchi,AD Jeffery,DC Samuels, L Schirle… - Complex …, 2022",karger.com,2022,https://karger.com/cxp/article-abstract/8/1-2/1/827813,"We are in the midst of a global opioid epidemic, which is driven by the misuse of bothprescription and illicit opioids. The metrics are overwhelming; eg, opioid overdose deaths …",Item-level genome-wide association study of the alcohol use disorders identification test in three population-based cohorts
Accelerating opioid use disorders research by integrating multiple data modalities,"SB Bianchi,AD Jeffery,DC Samuels, L Schirle… - Complex …, 2022",karger.com,2022,https://karger.com/cxp/article-abstract/8/1-2/1/827813,"We are in the midst of a global opioid epidemic, which is driven by the misuse of bothprescription and illicit opioids. The metrics are overwhelming; eg, opioid overdose deaths …","Genome-wide association study of problematic opioid prescription use in 132,113 23andMe research participants of European ancestry"
Alcohol and cannabis use disorders,"NH Kalin- American Journal of Psychiatry, 2022",Am Psychiatric Assoc,2022,https://ajp.psychiatryonline.org/doi/full/10.1176/appi.ajp.2021.21111134,This issue of the Journal is focused on providing a deeper understanding of the factorsunderlying alcohol and cannabis use and misuse in relation to the development of …,Item-level genome-wide association study of the alcohol use disorders identification test in three population-based cohorts
Alcohol use and alcohol use disorder differ in their genetic relationships with PTSD: a genomic structural equation modelling approach,"KE Bountress,LA Brick,C Sheerin,A Grotzinger… - Drug and alcohol …, 2022",Elsevier,2022,https://www.sciencedirect.com/science/article/pii/S0376871622001673,"Abstract Purpose Posttraumatic Stress Disorder (PTSD) is associated with increased alcoholuse and alcohol use disorder (AUD), which are all moderately heritable. Studies suggest the …",Item-level genome-wide association study of the alcohol use disorders identification test in three population-based cohorts
All‐cause and liver‐related mortality risk factors in excessive drinkers: Analysis of data from the UK biobank,"JB Whitfield,D Seth, TR Morgan… - Alcoholism: Clinical …, 2022",Wiley Online Library,2022,https://onlinelibrary.wiley.com/doi/abs/10.1111/acer.14968,Background High alcohol intake is associated with increased mortality. We aimed to identifyfactors affecting mortality in people drinking extreme amounts of alcohol. Methods We …,Item-level genome-wide association study of the alcohol use disorders identification test in three population-based cohorts
Binge and high‐intensity drinking—Associations with intravenous alcohol self‐administration and underlying risk factors,"MH Plawecki, J Boes, L Wetherill… - Addiction …, 2022",Wiley Online Library,2022,https://onlinelibrary.wiley.com/doi/abs/10.1111/adb.13228,"Some styles of alcohol consumption are riskier than others. How the level and rate of alcoholexposure contribute to the increased risk of alcohol use disorder is unclear, but likely …",Item-level genome-wide association study of the alcohol use disorders identification test in three population-based cohorts
"CADM2is implicated in impulsive personality traits by genome- and phenome-wide association studies in humans, with further support from studies ofCadm2…","S Sanchez-Roige, MV Jennings,HHA Thorpe… - medRxiv, 2022",medrxiv.org,2022,https://www.medrxiv.org/content/10.1101/2022.01.29.22270095.abstract,Background Impulsivity is a multidimensional heritable phenotype that broadly refers to thetendency to act prematurely and is associated with multiple forms of psychopathology …,"Genome-wide association study of problematic opioid prescription use in 132,113 23andMe research participants of European ancestry"
Chronic pain gene expression changes in the brain and relationships with clinical traits,"KJA Johnston,AC Cote, E Hicks,J Johnson… - medRxiv, 2022",medrxiv.org,2022,https://www.medrxiv.org/content/10.1101/2022.12.28.22283994.abstract,"Background Chronic pain is a common, poorly-understood condition. Genetic studiesincluding genome wide association studies (GWAS) identify many relevant variants, which …","Genome-wide association study of problematic opioid prescription use in 132,113 23andMe research participants of European ancestry"
Clarifying the causes of consistent and inconsistent findings in genetics,"S Dattani,DM Howard,CM Lewis… - Genetic …, 2022",Wiley Online Library,2022,https://onlinelibrary.wiley.com/doi/abs/10.1002/gepi.22459,"As research in genetics has advanced, some findings have been unexpected or shown to beinconsistent between studies or datasets. The reasons these inconsistencies arise are …",Item-level genome-wide association study of the alcohol use disorders identification test in three population-based cohorts
Cross-ancestry meta-analysis of opioid use disorder uncovers novel loci with predominant effects in brain regions associated with addiction,"RL Kember,R Vickers-Smith,H Xu,S Toikumo… - Nature …, 2022",nature.com,2022,https://www.nature.com/articles/s41593-022-01160-z,"Despite an estimated heritability of~ 50%, genome-wide association studies of opioid usedisorder (OUD) have revealed few genome-wide significant loci. We conducted a cross …","Genome-wide association study of problematic opioid prescription use in 132,113 23andMe research participants of European ancestry"
Crossing diagnostic boundaries to understand the genetic etiology of addiction,"TT Mallard- Neuropsychopharmacology, 2022",nature.com,2022,https://www.nature.com/articles/s41386-021-01245-6,"Substance use disorders are complex psychiatric conditions that impose a significantburden on affected individuals, their families, and communities broadly. They are highly …",Item-level genome-wide association study of the alcohol use disorders identification test in three population-based cohorts
Differences in Genetic Correlations between Posttraumatic Stress Disorder and Alcohol Use Disorder-Related Phenotypes Compared to Alcohol Consumption …,"KE Bountress,D Bustamante, SSS de Viteri… - medRxiv, 2022",medrxiv.org,2022,https://www.medrxiv.org/content/10.1101/2022.03.02.22271415.abstract,"Abstract Background Posttraumatic Stress Disorder (PTSD) tends to co-occur with greateralcohol consumption as well as alcohol use disorder (AUD). However, it is unknown whether …",Item-level genome-wide association study of the alcohol use disorders identification test in three population-based cohorts
Genetic diversity fuels gene discovery for tobacco and alcohol use,"GRB Saunders,X Wang,F Chen,SK Jang,M Liu… - Nature, 2022",nature.com,2022,https://www.nature.com/articles/s41586-022-05477-4,"Tobacco and alcohol use are heritable behaviours associated with 15% and 5.3% ofworldwide deaths, respectively, due largely to broad increased risk for disease and injury …",Item-level genome-wide association study of the alcohol use disorders identification test in three population-based cohorts
Genome-wide association study in individuals of European and African ancestry and multi-trait analysis of opioid use disorder identifies 19 independent genome-wide …,"JD Deak,H Zhou,M Galimberti,DF Levey… - Molecular …, 2022",nature.com,2022,https://www.nature.com/articles/s41380-022-01709-1,"Despite the large toll of opioid use disorder (OUD), genome-wide association studies(GWAS) of OUD to date have yielded few susceptibility loci. We performed a large-scale …","Genome-wide association study of problematic opioid prescription use in 132,113 23andMe research participants of European ancestry"
"Genome-wide investigation of maximum habitual alcohol intake (MaxAlc) in 247,755 European and African Ancestry US Veterans informs the relationship between …","JD Deak,DF Levey,FR Wendt,H Zhou,M Galimberti… - medRxiv, 2022",medrxiv.org,2022,https://www.medrxiv.org/content/10.1101/2022.05.02.22274580.abstract,Importance Alcohol genome-wide association studies (GWAS) have generally focused onalcohol consumption and alcohol use disorder (AUD); few have examined habitual drinking …,Item-level genome-wide association study of the alcohol use disorders identification test in three population-based cohorts
Genome-wide investigation of maximum habitual alcohol intake in US veterans in relation to alcohol consumption traits and alcohol use disorder,"JD Deak,DF Levey,FR Wendt,H Zhou… - JAMA Network …, 2022",jamanetwork.com,2022,https://jamanetwork.com/journals/jamanetworkopen/article-abstract/2797780,Importance Alcohol genome-wide association studies (GWASs) have generally focused onalcohol consumption and alcohol use disorder (AUD); few have examined habitual drinking …,Item-level genome-wide association study of the alcohol use disorders identification test in three population-based cohorts
Hazardous drinking and alcohol use disorders,"J MacKillop,R Agabio,SW Feldstein Ewing… - Nature Reviews …, 2022",nature.com,2022,https://www.nature.com/articles/s41572-022-00406-1,"Alcohol is one of the most widely consumed psychoactive drugs globally. Hazardousdrinking, defined by quantity and frequency of consumption, is associated with acute and …",Item-level genome-wide association study of the alcohol use disorders identification test in three population-based cohorts
Identifying and reducing bias in genome-wide association studies of alcohol-related traits,"HR Kranzler,H Zhou… - American Journal of …, 2022",Am Psychiatric Assoc,2022,https://ajp.psychiatryonline.org/doi/full/10.1176/appi.ajp.2021.21111107,"Because an extended period of heavy alcohol consumption is the sine qua non of adiagnosis of alcohol use disorder (AUD), heavy drinking and AUD are often viewed as …",Item-level genome-wide association study of the alcohol use disorders identification test in three population-based cohorts
Liver-Related and Other-Cause Mortality Risk in Excessive Drinkers: Analysis of Data from the UK Biobank,"JB Whitfield,D Seth, TR Morgan… - medRxiv, 2022",medrxiv.org,2022,https://www.medrxiv.org/content/10.1101/2022.06.01.22275852.abstract,ABSTRACT Background and Aims High alcohol intake is associated with increasedmortality. We aimed to identify factors affecting mortality in people drinking extreme amounts …,Item-level genome-wide association study of the alcohol use disorders identification test in three population-based cohorts
Multi-trait genome-wide association study of opioid addiction:OPRM1and beyond,"N Gaddis, R Mathur, J Marks, L Zhou,B Quach… - Scientific reports, 2022",nature.com,2022,https://www.nature.com/articles/s41598-022-21003-y,"Opioid addiction (OA) is moderately heritable, yet only rs1799971, the A118G variant inOPRM1, has been identified as a genome-wide significant association with OA and …","Genome-wide association study of problematic opioid prescription use in 132,113 23andMe research participants of European ancestry"
Opiate responses are controlled by interactions ofOprm1andFgf12loci in the murine BXD family: Correspondence to human GWAS findings,"PM Lemen,AS Hatoum,PE Dickson,G Mittleman… - bioRxiv, 2022",biorxiv.org,2022,https://www.biorxiv.org/content/10.1101/2022.03.11.483993.abstract,"We analyzed time-dependent behavioral responses to morphine and naloxone obtainedfrom a large family of young adult BXD mice (n= 63–64 strains, including C57BL/6J and …","Genome-wide association study of problematic opioid prescription use in 132,113 23andMe research participants of European ancestry"
RatXcan: A framework for cross-species integration of genome-wide association and gene expression data,"N Santhanam,S Sanchez-Roige, S Mi,Y Liang… - bioRxiv, 2022",biorxiv.org,2022,https://www.biorxiv.org/content/10.1101/2022.06.03.494719.abstract,"Genome-wide association studies (GWAS) have implicated specific alleles and genes asrisk factors for numerous complex traits. However, translating GWAS results into biologically …",CADM2 is implicated in impulsive personality and numerous other traits by genome- and phenome-wide association studies in humans and mice
Substance use and common contributors to morbidity: A genetics perspective,"S Sanchez-Roige,RL Kember,A Agrawal- EBioMedicine, 2022",thelancet.com,2022,https://www.thelancet.com/journals/ebiom/article/PIIS2352-3964(22)00394-2/fulltext,"Excessive substance use and substance use disorders (SUDs) are common, serious andrelapsing medical conditions. They frequently co-occur with other diseases that are leading …",Item-level genome-wide association study of the alcohol use disorders identification test in three population-based cohorts
Substance use and common contributors to morbidity: A genetics perspective,"S Sanchez-Roige,RL Kember,A Agrawal- EBioMedicine, 2022",thelancet.com,2022,https://www.thelancet.com/journals/ebiom/article/PIIS2352-3964(22)00394-2/fulltext,"Excessive substance use and substance use disorders (SUDs) are common, serious andrelapsing medical conditions. They frequently co-occur with other diseases that are leading …","Genome-wide association study of problematic opioid prescription use in 132,113 23andMe research participants of European ancestry"
The addiction risk factor: A unitary genetic vulnerability characterizes substance use disorders and their associations with common correlates,"AS Hatoum,EC Johnson,SMC Colbert… - …, 2022",nature.com,2022,https://www.nature.com/articles/s41386-021-01209-w,"Substance use disorders commonly co-occur with one another and with other psychiatricdisorders. They share common features including high impulsivity, negative affect, and lower …",Item-level genome-wide association study of the alcohol use disorders identification test in three population-based cohorts
The promise and peril of genetics,"DM Dick- Current directions in psychological science, 2022",journals.sagepub.com,2022,https://journals.sagepub.com/doi/abs/10.1177/09637214221112041,Human genetics is advancing at an unprecedented pace. Improvements in genotypingtechnology and rapidly falling costs have accelerated gene discovery. We can now …,Item-level genome-wide association study of the alcohol use disorders identification test in three population-based cohorts
Understanding anhedonia from a genomic perspective,"E Bondy,R Bogdan- Anhedonia: Preclinical, Translational, and Clinical …, 2022",Springer,2022,https://link.springer.com/chapter/10.1007/7854_2021_293,"Anhedonia, or the decreased ability to experience pleasure, is a cardinal symptom of majordepression that commonly occurs within other forms of psychopathology. Supportive of long …",Item-level genome-wide association study of the alcohol use disorders identification test in three population-based cohorts
Unique prediction of developmental psychopathology from genetic and familial risk,"RJ Loughnan,CE Palmer,C Makowski… - Journal of Child …, 2022",Wiley Online Library,2022,https://acamh.onlinelibrary.wiley.com/doi/abs/10.1111/jcpp.13649,"Background Early detection is critical for easing the rising burden of psychiatric disorders.However, the specificity of psychopathological measurements and genetic predictors is …","Genome-wide association study of problematic opioid prescription use in 132,113 23andMe research participants of European ancestry"
[CITATION][C]Multivariate analyses of polygenic risk for impulsivity and alcohol use: a study of longitudinal trajectories of binge drinking in emerging adulthood,AP Miller- 2022,University of Missouri--Columbia,2022,,,Item-level genome-wide association study of the alcohol use disorders identification test in three population-based cohorts
[HTML][HTML]Be in it for the long haul: a commentary on human tissue recovery initiatives,"MJ Iadarola,MR Sapio, AJ Mannes - The journal of pain, 2022",Elsevier,2022,https://www.sciencedirect.com/science/article/pii/S1526590022003091,The strong need for a new foundational molecular framework for human nervous systemresearch at the nociceptive level is now matched by comprehensive and quantitative …,"Genome-wide association study of problematic opioid prescription use in 132,113 23andMe research participants of European ancestry"
[HTML][HTML]FGF21 suppresses alcohol consumption through an amygdalo-striatal circuit,"KH Flippo,SAJ Trammell,MP Gillum,I Aklan, MB Perez… - Cell metabolism, 2022",cell.com,2022,https://www.cell.com/cell-metabolism/fulltext/S1550-41312100690-2,Excessive alcohol consumption is a major health and social issue in our society.Pharmacologic administration of the endocrine hormone fibroblast growth factor 21 (FGF21) …,Item-level genome-wide association study of the alcohol use disorders identification test in three population-based cohorts
"[PDF][PDF]A Genome-Wide Association Study Reveals a BDNF-Centered Molecular Network Associated with Alcohol Dependence and Related Clinical Measures., 2022 …","A Levchenko, S Malov, A Antonik… - DOI: https://doi. org …, 2022",academia.edu,2022,https://www.academia.edu/download/96323458/pdf.pdf,"At least 50% of factors predisposing to alcohol dependence (AD) are genetic and womenaffected with this disorder present with more psychiatric comorbidities, probably indicating …",Item-level genome-wide association study of the alcohol use disorders identification test in three population-based cohorts
[PDF][PDF]Please let us know how this document benefits you.,"S Sanchez-Roige,RL Kember,A Agrawal- Substance, 2022",core.ac.uk,2022,https://core.ac.uk/download/pdf/558791620.pdf,"Excessive substance use and substance use disorders (SUDs) are common, serious andrelapsing medical conditions. They frequently co-occur with other diseases that are leading …",Item-level genome-wide association study of the alcohol use disorders identification test in three population-based cohorts
[PDF][PDF]Please let us know how this document benefits you.,"S Sanchez-Roige,RL Kember,A Agrawal- Substance, 2022",core.ac.uk,2022,https://core.ac.uk/download/pdf/558791620.pdf,"Excessive substance use and substance use disorders (SUDs) are common, serious andrelapsing medical conditions. They frequently co-occur with other diseases that are leading …","Genome-wide association study of problematic opioid prescription use in 132,113 23andMe research participants of European ancestry"
An examination of the genetic etiology of substance use and serious mental illness,TT Mallard,2021,2021,https://repositories.lib.utexas.edu/items/7c92a8bf-d7f0-4980-9ba2-d8ad906b20ff,"Over the past 10 years, genome-wide association studies (GWASs) have produced aremarkable number of discoveries that have rapidly advanced psychiatric genetics, as well …",Item-level genome-wide association study of the alcohol use disorders identification test in three population-based cohorts
Cross-ancestry meta-analysis of opioid use disorder uncovers novel loci with predominant effects on brain,"RL Kember,R Vickers-Smith, H Xu,S Toikumo… - medRxiv, 2021",medrxiv.org,2021,https://www.medrxiv.org/content/10.1101/2021.12.13.21267480.abstract,"Despite an estimated twin heritability of∼ 50%, genome-wide association studies (GWAS) ofopioid use disorder (OUD) have revealed few genome-wide significant (GWS) loci, with …","Genome-wide association study of problematic opioid prescription use in 132,113 23andMe research participants of European ancestry"
Genetic basis to structural grey matter associations with chronic pain,"SF Farrell,AI Campos,PF Kho,RMJ de Zoete… - Brain, 2021",academic.oup.com,2021,https://academic.oup.com/brain/article-abstract/144/12/3611/6460413,"Structural neuroimaging studies of individuals with chronic pain conditions have oftenobserved decreased regional grey matter at a phenotypic level. However, it is not known if …","Genome-wide association study of problematic opioid prescription use in 132,113 23andMe research participants of European ancestry"
"Genome-wide association study and multi-trait analysis of opioid use disorder identifies novel associations in 639,709 individuals of European and African ancestry","JD Deak,H Zhou,M Galimberti,D Levey,FR Wendt… - medRxiv, 2021",medrxiv.org,2021,https://www.medrxiv.org/content/10.1101/2021.12.04.21267094.abstract,"Background Despite the large toll of opioid use disorder (OUD), genome-wide associationstudies (GWAS) of OUD to date have yielded few susceptibility loci. Methods We performed …","Genome-wide association study of problematic opioid prescription use in 132,113 23andMe research participants of European ancestry"
X-chromosome influences on neuroanatomical variation in humans,"TT Mallard, S Liu,J Seidlitz, Z Ma,D Moraczewski… - Nature …, 2021",nature.com,2021,https://www.nature.com/articles/s41593-021-00890-w,The X-chromosome has long been hypothesized to have a disproportionate influence on thebrain based on its enrichment for genes that are expressed in the brain and associated with …,Item-level genome-wide association study of the alcohol use disorders identification test in three population-based cohorts
[HTML][HTML]Dimensional phenotypes in psychiatric genetics: lessons from genome-wide association studies of alcohol use phenotypes,"TT Mallard,S Sanchez-Roige- Complex Psychiatry, 2021",karger.com,2021,https://karger.com/cxp/article/7/3-4/45/822701,"Alcohol use disorders (AUDs) are complex psychiatric disorders that can be viewed as theprogression of a series of transitions (eg, initiation of use, escalation to hazardous drinking …",Item-level genome-wide association study of the alcohol use disorders identification test in three population-based cohorts
Towards Projection of the Individualised Risk Assessment for the Cybersecurity Workforce,"A Brilingaitė,L Bukauskas, I Domarkienė… - Available at SSRN …",papers.ssrn.com,,https://papers.ssrn.com/sol3/papers.cfm?abstract_id=4807481,"In the era of global digitalisation, there is rapid development of services requiringcybersecurity resilience against adversarial actions. The demand for skilled cybersecurity …",CADM2 is implicated in impulsive personality and numerous other traits by genome- and phenome-wide association studies in humans and mice
[CITATION][C]A shared genetic signature for common chronic pain conditions and its impact on biopsychosocial traits,"RMJ de Zoete PhD, GCP PhD10",,,,,"Genome-wide association study of problematic opioid prescription use in 132,113 23andMe research participants of European ancestry"
[CITATION][C]Chapitre 7-Génétique des addictions,L Addictions,Elsevier,,,,Item-level genome-wide association study of the alcohol use disorders identification test in three population-based cohorts
[CITATION][C]Genetic variants associated with opioid use disorder,"JA Frey, DJ Bachmann,JJ Bischof, MS Lyons…",,,,,"Genome-wide association study of problematic opioid prescription use in 132,113 23andMe research participants of European ancestry"
[PDF][PDF]Isolating transdiagnostic effects reveals specific genetic pro les in psychiatric disorders.,"E Keser, W Liao,A Allegrini,K Rimfeld,T Eley…",assets-eu.researchsquare.com,,https://assets-eu.researchsquare.com/files/rs-3782302/v1/a2f55d84-2d38-406e-96f2-69e6eb40a736.pdf,Evidence indicates a great degree of genetic overlap between psychiatric diagnoses.Accounting for these transdiagnostic effects can sharpen research on disorder-speci c …,Item-level genome-wide association study of the alcohol use disorders identification test in three population-based cohorts
